sample	sample_slug	atac_library	gex_library	gex_r1	gex_r2	atac_r1	atac_barcode	atac_r2	gex_run_ids	atac_run_ids
Und-KOLF2.2J	Und-KOLF2.2J	25E113-L1	25E113-L10	/mnt/pikachu/JAX_Multiome01/raw/25E113-L10_GT25-09234_TGGTCCCAAG-ACGCCAGAGG_S114_L006_R1_001.fastq.gz,/mnt/pikachu/JAX_Multiome01/raw/25E113-L10_GT25-09234_TGGTCCCAAG-ACGCCAGAGG_S114_L007_R1_001.fastq.gz,/mnt/pikachu/JAX_Multiome01/raw/25E113-L10_GT25-09234_TGGTCCCAAG-ACGCCAGAGG_S114_L008_R1_001.fastq.gz	/mnt/pikachu/JAX_Multiome01/raw/25E113-L10_GT25-09234_TGGTCCCAAG-ACGCCAGAGG_S114_L006_R2_001.fastq.gz,/mnt/pikachu/JAX_Multiome01/raw/25E113-L10_GT25-09234_TGGTCCCAAG-ACGCCAGAGG_S114_L007_R2_001.fastq.gz,/mnt/pikachu/JAX_Multiome01/raw/25E113-L10_GT25-09234_TGGTCCCAAG-ACGCCAGAGG_S114_L008_R2_001.fastq.gz	/mnt/pikachu/JAX_Multiome01/raw/25E113-L1_GT25-09222_SI-NA-G2_S8_L005_R1_001.fastq.gz,/mnt/pikachu/JAX_Multiome01/raw/25E113-L1_GT25-09222_SI-NA-G2_S8_L006_R1_001.fastq.gz,/mnt/pikachu/JAX_Multiome01/raw/25E113-L1_GT25-09222_SI-NA-G2_S8_L007_R1_001.fastq.gz,/mnt/pikachu/JAX_Multiome01/raw/25E113-L1_GT25-09222_SI-NA-G2_S8_L008_R1_001.fastq.gz	/mnt/pikachu/JAX_Multiome01/raw/25E113-L1_GT25-09222_SI-NA-G2_S8_L005_R2_001.fastq.gz,/mnt/pikachu/JAX_Multiome01/raw/25E113-L1_GT25-09222_SI-NA-G2_S8_L006_R2_001.fastq.gz,/mnt/pikachu/JAX_Multiome01/raw/25E113-L1_GT25-09222_SI-NA-G2_S8_L007_R2_001.fastq.gz,/mnt/pikachu/JAX_Multiome01/raw/25E113-L1_GT25-09222_SI-NA-G2_S8_L008_R2_001.fastq.gz	/mnt/pikachu/JAX_Multiome01/raw/25E113-L1_GT25-09222_SI-NA-G2_S8_L005_R3_001.fastq.gz,/mnt/pikachu/JAX_Multiome01/raw/25E113-L1_GT25-09222_SI-NA-G2_S8_L006_R3_001.fastq.gz,/mnt/pikachu/JAX_Multiome01/raw/25E113-L1_GT25-09222_SI-NA-G2_S8_L007_R3_001.fastq.gz,/mnt/pikachu/JAX_Multiome01/raw/25E113-L1_GT25-09222_SI-NA-G2_S8_L008_R3_001.fastq.gz	20251015_GT25-CourtoisE-265	20251009_GT25-CourtoisE-263
TE-KOLF2.2J-Nor	TE-KOLF2.2J-Nor	25E113-L2	25E113-L11	/mnt/pikachu/JAX_Multiome01/raw/25E113-L11_GT25-09235_AAGTGGAGAG-GTAACAGGAA_S112_L006_R1_001.fastq.gz,/mnt/pikachu/JAX_Multiome01/raw/25E113-L11_GT25-09235_AAGTGGAGAG-GTAACAGGAA_S112_L007_R1_001.fastq.gz,/mnt/pikachu/JAX_Multiome01/raw/25E113-L11_GT25-09235_AAGTGGAGAG-GTAACAGGAA_S112_L008_R1_001.fastq.gz	/mnt/pikachu/JAX_Multiome01/raw/25E113-L11_GT25-09235_AAGTGGAGAG-GTAACAGGAA_S112_L006_R2_001.fastq.gz,/mnt/pikachu/JAX_Multiome01/raw/25E113-L11_GT25-09235_AAGTGGAGAG-GTAACAGGAA_S112_L007_R2_001.fastq.gz,/mnt/pikachu/JAX_Multiome01/raw/25E113-L11_GT25-09235_AAGTGGAGAG-GTAACAGGAA_S112_L008_R2_001.fastq.gz	/mnt/pikachu/JAX_Multiome01/raw/25E113-L2_GT25-09223_SI-NA-H2_S5_L005_R1_001.fastq.gz,/mnt/pikachu/JAX_Multiome01/raw/25E113-L2_GT25-09223_SI-NA-H2_S5_L006_R1_001.fastq.gz,/mnt/pikachu/JAX_Multiome01/raw/25E113-L2_GT25-09223_SI-NA-H2_S5_L007_R1_001.fastq.gz,/mnt/pikachu/JAX_Multiome01/raw/25E113-L2_GT25-09223_SI-NA-H2_S5_L008_R1_001.fastq.gz	/mnt/pikachu/JAX_Multiome01/raw/25E113-L2_GT25-09223_SI-NA-H2_S5_L005_R2_001.fastq.gz,/mnt/pikachu/JAX_Multiome01/raw/25E113-L2_GT25-09223_SI-NA-H2_S5_L006_R2_001.fastq.gz,/mnt/pikachu/JAX_Multiome01/raw/25E113-L2_GT25-09223_SI-NA-H2_S5_L007_R2_001.fastq.gz,/mnt/pikachu/JAX_Multiome01/raw/25E113-L2_GT25-09223_SI-NA-H2_S5_L008_R2_001.fastq.gz	/mnt/pikachu/JAX_Multiome01/raw/25E113-L2_GT25-09223_SI-NA-H2_S5_L005_R3_001.fastq.gz,/mnt/pikachu/JAX_Multiome01/raw/25E113-L2_GT25-09223_SI-NA-H2_S5_L006_R3_001.fastq.gz,/mnt/pikachu/JAX_Multiome01/raw/25E113-L2_GT25-09223_SI-NA-H2_S5_L007_R3_001.fastq.gz,/mnt/pikachu/JAX_Multiome01/raw/25E113-L2_GT25-09223_SI-NA-H2_S5_L008_R3_001.fastq.gz	20251015_GT25-CourtoisE-265	20251009_GT25-CourtoisE-263
TE-KOLF2.2J-Hyp	TE-KOLF2.2J-Hyp	25E113-L3	25E113-L12	/mnt/pikachu/JAX_Multiome01/raw/25E113-L12_GT25-09236_TATTGAGGCA-CACTTACCTG_S115_L006_R1_001.fastq.gz,/mnt/pikachu/JAX_Multiome01/raw/25E113-L12_GT25-09236_TATTGAGGCA-CACTTACCTG_S115_L007_R1_001.fastq.gz,/mnt/pikachu/JAX_Multiome01/raw/25E113-L12_GT25-09236_TATTGAGGCA-CACTTACCTG_S115_L008_R1_001.fastq.gz	/mnt/pikachu/JAX_Multiome01/raw/25E113-L12_GT25-09236_TATTGAGGCA-CACTTACCTG_S115_L006_R2_001.fastq.gz,/mnt/pikachu/JAX_Multiome01/raw/25E113-L12_GT25-09236_TATTGAGGCA-CACTTACCTG_S115_L007_R2_001.fastq.gz,/mnt/pikachu/JAX_Multiome01/raw/25E113-L12_GT25-09236_TATTGAGGCA-CACTTACCTG_S115_L008_R2_001.fastq.gz	/mnt/pikachu/JAX_Multiome01/raw/25E113-L3_GT25-09224_SI-NA-A3_S6_L005_R1_001.fastq.gz,/mnt/pikachu/JAX_Multiome01/raw/25E113-L3_GT25-09224_SI-NA-A3_S6_L006_R1_001.fastq.gz,/mnt/pikachu/JAX_Multiome01/raw/25E113-L3_GT25-09224_SI-NA-A3_S6_L007_R1_001.fastq.gz,/mnt/pikachu/JAX_Multiome01/raw/25E113-L3_GT25-09224_SI-NA-A3_S6_L008_R1_001.fastq.gz	/mnt/pikachu/JAX_Multiome01/raw/25E113-L3_GT25-09224_SI-NA-A3_S6_L005_R2_001.fastq.gz,/mnt/pikachu/JAX_Multiome01/raw/25E113-L3_GT25-09224_SI-NA-A3_S6_L006_R2_001.fastq.gz,/mnt/pikachu/JAX_Multiome01/raw/25E113-L3_GT25-09224_SI-NA-A3_S6_L007_R2_001.fastq.gz,/mnt/pikachu/JAX_Multiome01/raw/25E113-L3_GT25-09224_SI-NA-A3_S6_L008_R2_001.fastq.gz	/mnt/pikachu/JAX_Multiome01/raw/25E113-L3_GT25-09224_SI-NA-A3_S6_L005_R3_001.fastq.gz,/mnt/pikachu/JAX_Multiome01/raw/25E113-L3_GT25-09224_SI-NA-A3_S6_L006_R3_001.fastq.gz,/mnt/pikachu/JAX_Multiome01/raw/25E113-L3_GT25-09224_SI-NA-A3_S6_L007_R3_001.fastq.gz,/mnt/pikachu/JAX_Multiome01/raw/25E113-L3_GT25-09224_SI-NA-A3_S6_L008_R3_001.fastq.gz	20251015_GT25-CourtoisE-265	20251009_GT25-CourtoisE-263
PrS-KOLF2.2J-Nor-Day4	PrS-KOLF2.2J-Nor-Day4	25E113-L4	25E113-L13	/mnt/pikachu/JAX_Multiome01/raw/25E113-L13_GT25-09244_TGTCCCAACG-TGGACATCGA_S113_L006_R1_001.fastq.gz,/mnt/pikachu/JAX_Multiome01/raw/25E113-L13_GT25-09244_TGTCCCAACG-TGGACATCGA_S113_L007_R1_001.fastq.gz,/mnt/pikachu/JAX_Multiome01/raw/25E113-L13_GT25-09244_TGTCCCAACG-TGGACATCGA_S113_L008_R1_001.fastq.gz,/mnt/pikachu/JAX_Multiome01/raw/25E113-L13_GT25-09244__S42_L008_R1_001.fastq.gz	/mnt/pikachu/JAX_Multiome01/raw/25E113-L13_GT25-09244_TGTCCCAACG-TGGACATCGA_S113_L006_R2_001.fastq.gz,/mnt/pikachu/JAX_Multiome01/raw/25E113-L13_GT25-09244_TGTCCCAACG-TGGACATCGA_S113_L007_R2_001.fastq.gz,/mnt/pikachu/JAX_Multiome01/raw/25E113-L13_GT25-09244_TGTCCCAACG-TGGACATCGA_S113_L008_R2_001.fastq.gz,/mnt/pikachu/JAX_Multiome01/raw/25E113-L13_GT25-09244__S42_L008_R2_001.fastq.gz	/mnt/pikachu/JAX_Multiome01/raw/25E113-L4_GT25-09225_SI-NA-B3_S1_L005_R1_001.fastq.gz,/mnt/pikachu/JAX_Multiome01/raw/25E113-L4_GT25-09225_SI-NA-B3_S1_L006_R1_001.fastq.gz,/mnt/pikachu/JAX_Multiome01/raw/25E113-L4_GT25-09225_SI-NA-B3_S1_L007_R1_001.fastq.gz,/mnt/pikachu/JAX_Multiome01/raw/25E113-L4_GT25-09225_SI-NA-B3_S1_L008_R1_001.fastq.gz	/mnt/pikachu/JAX_Multiome01/raw/25E113-L4_GT25-09225_SI-NA-B3_S1_L005_R2_001.fastq.gz,/mnt/pikachu/JAX_Multiome01/raw/25E113-L4_GT25-09225_SI-NA-B3_S1_L006_R2_001.fastq.gz,/mnt/pikachu/JAX_Multiome01/raw/25E113-L4_GT25-09225_SI-NA-B3_S1_L007_R2_001.fastq.gz,/mnt/pikachu/JAX_Multiome01/raw/25E113-L4_GT25-09225_SI-NA-B3_S1_L008_R2_001.fastq.gz	/mnt/pikachu/JAX_Multiome01/raw/25E113-L4_GT25-09225_SI-NA-B3_S1_L005_R3_001.fastq.gz,/mnt/pikachu/JAX_Multiome01/raw/25E113-L4_GT25-09225_SI-NA-B3_S1_L006_R3_001.fastq.gz,/mnt/pikachu/JAX_Multiome01/raw/25E113-L4_GT25-09225_SI-NA-B3_S1_L007_R3_001.fastq.gz,/mnt/pikachu/JAX_Multiome01/raw/25E113-L4_GT25-09225_SI-NA-B3_S1_L008_R3_001.fastq.gz	20251015_GT25-CourtoisE-265,20251028_GT25-CourtoisE-265-run2	20251009_GT25-CourtoisE-263
ExM-KOLF2.2J-Day4	ExM-KOLF2.2J-Day4	25E113-L5	25E113-L14	/mnt/pikachu/JAX_Multiome01/raw/25E113-L14_GT25-09267_TATCAGCCTA-AGGACGAAAC_S44_L008_R1_001.fastq.gz	/mnt/pikachu/JAX_Multiome01/raw/25E113-L14_GT25-09267_TATCAGCCTA-AGGACGAAAC_S44_L008_R2_001.fastq.gz	/mnt/pikachu/JAX_Multiome01/raw/25E113-L5_GT25-09226_SI-NA-C3_S10_L005_R1_001.fastq.gz,/mnt/pikachu/JAX_Multiome01/raw/25E113-L5_GT25-09226_SI-NA-C3_S10_L006_R1_001.fastq.gz,/mnt/pikachu/JAX_Multiome01/raw/25E113-L5_GT25-09226_SI-NA-C3_S10_L007_R1_001.fastq.gz,/mnt/pikachu/JAX_Multiome01/raw/25E113-L5_GT25-09226_SI-NA-C3_S10_L008_R1_001.fastq.gz	/mnt/pikachu/JAX_Multiome01/raw/25E113-L5_GT25-09226_SI-NA-C3_S10_L005_R2_001.fastq.gz,/mnt/pikachu/JAX_Multiome01/raw/25E113-L5_GT25-09226_SI-NA-C3_S10_L006_R2_001.fastq.gz,/mnt/pikachu/JAX_Multiome01/raw/25E113-L5_GT25-09226_SI-NA-C3_S10_L007_R2_001.fastq.gz,/mnt/pikachu/JAX_Multiome01/raw/25E113-L5_GT25-09226_SI-NA-C3_S10_L008_R2_001.fastq.gz	/mnt/pikachu/JAX_Multiome01/raw/25E113-L5_GT25-09226_SI-NA-C3_S10_L005_R3_001.fastq.gz,/mnt/pikachu/JAX_Multiome01/raw/25E113-L5_GT25-09226_SI-NA-C3_S10_L006_R3_001.fastq.gz,/mnt/pikachu/JAX_Multiome01/raw/25E113-L5_GT25-09226_SI-NA-C3_S10_L007_R3_001.fastq.gz,/mnt/pikachu/JAX_Multiome01/raw/25E113-L5_GT25-09226_SI-NA-C3_S10_L008_R3_001.fastq.gz	20251028_GT25-CourtoisE-268	20251009_GT25-CourtoisE-263
PrS-KOLF2.2J-Hyp-Day4	PrS-KOLF2.2J-Hyp-Day4	25E113-L6	25E113-L15	/mnt/pikachu/JAX_Multiome01/raw/25E113-L15_GT25-09268_GTCCCATCAA-GTCACGTTCG_S33_L006_R1_001.fastq.gz,/mnt/pikachu/JAX_Multiome01/raw/25E113-L15_GT25-09268_GTCCCATCAA-GTCACGTTCG_S33_L007_R1_001.fastq.gz	/mnt/pikachu/JAX_Multiome01/raw/25E113-L15_GT25-09268_GTCCCATCAA-GTCACGTTCG_S33_L006_R2_001.fastq.gz,/mnt/pikachu/JAX_Multiome01/raw/25E113-L15_GT25-09268_GTCCCATCAA-GTCACGTTCG_S33_L007_R2_001.fastq.gz	/mnt/pikachu/JAX_Multiome01/raw/25E113-L6_GT25-09227_SI-NA-D3_S2_L005_R1_001.fastq.gz,/mnt/pikachu/JAX_Multiome01/raw/25E113-L6_GT25-09227_SI-NA-D3_S2_L006_R1_001.fastq.gz,/mnt/pikachu/JAX_Multiome01/raw/25E113-L6_GT25-09227_SI-NA-D3_S2_L007_R1_001.fastq.gz,/mnt/pikachu/JAX_Multiome01/raw/25E113-L6_GT25-09227_SI-NA-D3_S2_L008_R1_001.fastq.gz	/mnt/pikachu/JAX_Multiome01/raw/25E113-L6_GT25-09227_SI-NA-D3_S2_L005_R2_001.fastq.gz,/mnt/pikachu/JAX_Multiome01/raw/25E113-L6_GT25-09227_SI-NA-D3_S2_L006_R2_001.fastq.gz,/mnt/pikachu/JAX_Multiome01/raw/25E113-L6_GT25-09227_SI-NA-D3_S2_L007_R2_001.fastq.gz,/mnt/pikachu/JAX_Multiome01/raw/25E113-L6_GT25-09227_SI-NA-D3_S2_L008_R2_001.fastq.gz	/mnt/pikachu/JAX_Multiome01/raw/25E113-L6_GT25-09227_SI-NA-D3_S2_L005_R3_001.fastq.gz,/mnt/pikachu/JAX_Multiome01/raw/25E113-L6_GT25-09227_SI-NA-D3_S2_L006_R3_001.fastq.gz,/mnt/pikachu/JAX_Multiome01/raw/25E113-L6_GT25-09227_SI-NA-D3_S2_L007_R3_001.fastq.gz,/mnt/pikachu/JAX_Multiome01/raw/25E113-L6_GT25-09227_SI-NA-D3_S2_L008_R3_001.fastq.gz	20251028_GT25-CourtoisE-268	20251009_GT25-CourtoisE-263
PrS-KOLF2.2J-Nor-Day6	PrS-KOLF2.2J-Nor-Day6	25E113-L7	25E113-L16	/mnt/pikachu/JAX_Multiome01/raw/25E113-L16_GT25-09269_CCGGAGGAAG-AACATCCGCA_S36_L006_R1_001.fastq.gz,/mnt/pikachu/JAX_Multiome01/raw/25E113-L16_GT25-09269_CCGGAGGAAG-AACATCCGCA_S36_L007_R1_001.fastq.gz	/mnt/pikachu/JAX_Multiome01/raw/25E113-L16_GT25-09269_CCGGAGGAAG-AACATCCGCA_S36_L006_R2_001.fastq.gz,/mnt/pikachu/JAX_Multiome01/raw/25E113-L16_GT25-09269_CCGGAGGAAG-AACATCCGCA_S36_L007_R2_001.fastq.gz	/mnt/pikachu/JAX_Multiome01/raw/25E113-L7_GT25-09228_SI-NA-E3_S11_L005_R1_001.fastq.gz,/mnt/pikachu/JAX_Multiome01/raw/25E113-L7_GT25-09228_SI-NA-E3_S11_L006_R1_001.fastq.gz,/mnt/pikachu/JAX_Multiome01/raw/25E113-L7_GT25-09228_SI-NA-E3_S11_L007_R1_001.fastq.gz,/mnt/pikachu/JAX_Multiome01/raw/25E113-L7_GT25-09228_SI-NA-E3_S11_L008_R1_001.fastq.gz	/mnt/pikachu/JAX_Multiome01/raw/25E113-L7_GT25-09228_SI-NA-E3_S11_L005_R2_001.fastq.gz,/mnt/pikachu/JAX_Multiome01/raw/25E113-L7_GT25-09228_SI-NA-E3_S11_L006_R2_001.fastq.gz,/mnt/pikachu/JAX_Multiome01/raw/25E113-L7_GT25-09228_SI-NA-E3_S11_L007_R2_001.fastq.gz,/mnt/pikachu/JAX_Multiome01/raw/25E113-L7_GT25-09228_SI-NA-E3_S11_L008_R2_001.fastq.gz	/mnt/pikachu/JAX_Multiome01/raw/25E113-L7_GT25-09228_SI-NA-E3_S11_L005_R3_001.fastq.gz,/mnt/pikachu/JAX_Multiome01/raw/25E113-L7_GT25-09228_SI-NA-E3_S11_L006_R3_001.fastq.gz,/mnt/pikachu/JAX_Multiome01/raw/25E113-L7_GT25-09228_SI-NA-E3_S11_L007_R3_001.fastq.gz,/mnt/pikachu/JAX_Multiome01/raw/25E113-L7_GT25-09228_SI-NA-E3_S11_L008_R3_001.fastq.gz	20251028_GT25-CourtoisE-268	20251009_GT25-CourtoisE-263
ExM-KOLF2.2J-Day6	ExM-KOLF2.2J-Day6	25E113-L8	25E113-L17	/mnt/pikachu/JAX_Multiome01/raw/25E113-L17_GT25-09270_AGAACTTAGA-AAAGGACTCG_S35_L006_R1_001.fastq.gz,/mnt/pikachu/JAX_Multiome01/raw/25E113-L17_GT25-09270_AGAACTTAGA-AAAGGACTCG_S35_L007_R1_001.fastq.gz	/mnt/pikachu/JAX_Multiome01/raw/25E113-L17_GT25-09270_AGAACTTAGA-AAAGGACTCG_S35_L006_R2_001.fastq.gz,/mnt/pikachu/JAX_Multiome01/raw/25E113-L17_GT25-09270_AGAACTTAGA-AAAGGACTCG_S35_L007_R2_001.fastq.gz	/mnt/pikachu/JAX_Multiome01/raw/25E113-L8_GT25-09229_SI-NA-F3_S4_L005_R1_001.fastq.gz,/mnt/pikachu/JAX_Multiome01/raw/25E113-L8_GT25-09229_SI-NA-F3_S4_L006_R1_001.fastq.gz,/mnt/pikachu/JAX_Multiome01/raw/25E113-L8_GT25-09229_SI-NA-F3_S4_L007_R1_001.fastq.gz,/mnt/pikachu/JAX_Multiome01/raw/25E113-L8_GT25-09229_SI-NA-F3_S4_L008_R1_001.fastq.gz,/mnt/pikachu/JAX_Multiome01/raw/25E113-L8_GT25-09229_SI-NA-F3_S5_L004_R1_001.fastq.gz	/mnt/pikachu/JAX_Multiome01/raw/25E113-L8_GT25-09229_SI-NA-F3_S4_L005_R2_001.fastq.gz,/mnt/pikachu/JAX_Multiome01/raw/25E113-L8_GT25-09229_SI-NA-F3_S4_L006_R2_001.fastq.gz,/mnt/pikachu/JAX_Multiome01/raw/25E113-L8_GT25-09229_SI-NA-F3_S4_L007_R2_001.fastq.gz,/mnt/pikachu/JAX_Multiome01/raw/25E113-L8_GT25-09229_SI-NA-F3_S4_L008_R2_001.fastq.gz,/mnt/pikachu/JAX_Multiome01/raw/25E113-L8_GT25-09229_SI-NA-F3_S5_L004_R2_001.fastq.gz	/mnt/pikachu/JAX_Multiome01/raw/25E113-L8_GT25-09229_SI-NA-F3_S4_L005_R3_001.fastq.gz,/mnt/pikachu/JAX_Multiome01/raw/25E113-L8_GT25-09229_SI-NA-F3_S4_L006_R3_001.fastq.gz,/mnt/pikachu/JAX_Multiome01/raw/25E113-L8_GT25-09229_SI-NA-F3_S4_L007_R3_001.fastq.gz,/mnt/pikachu/JAX_Multiome01/raw/25E113-L8_GT25-09229_SI-NA-F3_S4_L008_R3_001.fastq.gz,/mnt/pikachu/JAX_Multiome01/raw/25E113-L8_GT25-09229_SI-NA-F3_S5_L004_R3_001.fastq.gz	20251028_GT25-CourtoisE-268	20251009_GT25-CourtoisE-263,20251029_GT25-CourtoisE-263-run2
PrS-KOLF2.2J-Hyp-Day6	PrS-KOLF2.2J-Hyp-Day6	25E113-L9	25E113-L18	/mnt/pikachu/JAX_Multiome01/raw/25E113-L18_GT25-09271_CGTGACATGC-TTTAGACCAT_S34_L006_R1_001.fastq.gz,/mnt/pikachu/JAX_Multiome01/raw/25E113-L18_GT25-09271_CGTGACATGC-TTTAGACCAT_S34_L007_R1_001.fastq.gz	/mnt/pikachu/JAX_Multiome01/raw/25E113-L18_GT25-09271_CGTGACATGC-TTTAGACCAT_S34_L006_R2_001.fastq.gz,/mnt/pikachu/JAX_Multiome01/raw/25E113-L18_GT25-09271_CGTGACATGC-TTTAGACCAT_S34_L007_R2_001.fastq.gz	/mnt/pikachu/JAX_Multiome01/raw/25E113-L9_GT25-09230_SI-NA-G3_S9_L005_R1_001.fastq.gz,/mnt/pikachu/JAX_Multiome01/raw/25E113-L9_GT25-09230_SI-NA-G3_S9_L006_R1_001.fastq.gz,/mnt/pikachu/JAX_Multiome01/raw/25E113-L9_GT25-09230_SI-NA-G3_S9_L007_R1_001.fastq.gz,/mnt/pikachu/JAX_Multiome01/raw/25E113-L9_GT25-09230_SI-NA-G3_S9_L008_R1_001.fastq.gz	/mnt/pikachu/JAX_Multiome01/raw/25E113-L9_GT25-09230_SI-NA-G3_S9_L005_R2_001.fastq.gz,/mnt/pikachu/JAX_Multiome01/raw/25E113-L9_GT25-09230_SI-NA-G3_S9_L006_R2_001.fastq.gz,/mnt/pikachu/JAX_Multiome01/raw/25E113-L9_GT25-09230_SI-NA-G3_S9_L007_R2_001.fastq.gz,/mnt/pikachu/JAX_Multiome01/raw/25E113-L9_GT25-09230_SI-NA-G3_S9_L008_R2_001.fastq.gz	/mnt/pikachu/JAX_Multiome01/raw/25E113-L9_GT25-09230_SI-NA-G3_S9_L005_R3_001.fastq.gz,/mnt/pikachu/JAX_Multiome01/raw/25E113-L9_GT25-09230_SI-NA-G3_S9_L006_R3_001.fastq.gz,/mnt/pikachu/JAX_Multiome01/raw/25E113-L9_GT25-09230_SI-NA-G3_S9_L007_R3_001.fastq.gz,/mnt/pikachu/JAX_Multiome01/raw/25E113-L9_GT25-09230_SI-NA-G3_S9_L008_R3_001.fastq.gz	20251028_GT25-CourtoisE-268	20251009_GT25-CourtoisE-263
